dataset,family,series,comparison,rank,ratio,sample,elements,bins,shape
c32,even,smem_static,speedup_vs_main,1,0.9130606334250785,F64,67108864,256,temporal_phases:0.10
c32,even,smem_static,speedup_vs_main,2,0.9143415857293571,F64,67108864,128,temporal_phases:0.10
c32,even,smem_static,speedup_vs_main,3,0.9163680467077608,F64,67108864,64,temporal_phases:0.10
c32,even,smem_static,speedup_vs_main,4,0.9203560676159384,F64,67108864,32,temporal_phases:0.10
c32,even,smem_static,speedup_vs_main,5,0.9209211917755563,F64,67108864,16,temporal_phases:0.10
c32,even,smem_static,speedup_vs_main,6,0.9222505360951895,F64,1073741824,256,temporal_phases:0.10
c32,even,smem_static,speedup_vs_main,7,0.9223654864802092,F64,2000000000,256,temporal_phases:0.10
c32,even,smem_static,speedup_vs_main,8,0.9233178822292853,F64,268435456,256,temporal_phases:0.10
c32,even,smem_static,speedup_vs_main,9,0.9237575956049373,F64,1073741824,128,temporal_phases:0.10
c32,even,smem_static,speedup_vs_main,10,0.9237937858700328,F64,2000000000,128,temporal_phases:0.10
c32,even,smem_cooperative_static,speedup_vs_main,1,0.906755276147617,F64,67108864,256,temporal_phases:0.10
c32,even,smem_cooperative_static,speedup_vs_main,2,0.9075699374100571,F64,67108864,128,temporal_phases:0.10
c32,even,smem_cooperative_static,speedup_vs_main,3,0.9082307412809145,F64,67108864,64,temporal_phases:0.10
c32,even,smem_cooperative_static,speedup_vs_main,4,0.9110089872238094,F64,16777216,256,temporal_phases:0.10
c32,even,smem_cooperative_static,speedup_vs_main,5,0.9121856236770829,F64,16777216,128,temporal_phases:0.10
c32,even,smem_cooperative_static,speedup_vs_main,6,0.9137962913127134,F64,16777216,64,temporal_phases:0.10
c32,even,smem_cooperative_static,speedup_vs_main,7,0.9138750967082201,F64,67108864,32,temporal_phases:0.10
c32,even,smem_cooperative_static,speedup_vs_main,8,0.9170533792160219,F64,67108864,16,temporal_phases:0.10
c32,even,smem_cooperative_static,speedup_vs_main,9,0.9188784338042131,F64,16777216,32,temporal_phases:0.10
c32,even,smem_cooperative_static,speedup_vs_main,10,0.9211815507968817,F64,1048576,256,temporal_phases:0.10
c32,even,smem_cooperative_static,speedup_vs_noncooperative,1,0.8611255014530111,F64,1048576,16,powerlaw:0.75
c32,even,smem_cooperative_static,speedup_vs_noncooperative,2,0.8648113045204807,F64,1048576,8,concentrated:0.75
c32,even,smem_cooperative_static,speedup_vs_noncooperative,3,0.86563811893721,F64,1048576,16,concentrated:0.75
c32,even,smem_cooperative_static,speedup_vs_noncooperative,4,0.867533521252521,F64,1048576,8,powerlaw:0.75
c32,even,smem_cooperative_static,speedup_vs_noncooperative,5,0.8682198389782578,F64,1048576,128,concentrated:0.75
c32,even,smem_cooperative_static,speedup_vs_noncooperative,6,0.8764835280875728,F64,1048576,256,powerlaw:0.75
c32,even,smem_cooperative_static,speedup_vs_noncooperative,7,0.8801908222619059,F64,1048576,128,concentrated:0.25
c32,even,smem_cooperative_static,speedup_vs_noncooperative,8,0.8806100956707682,F64,1048576,32,powerlaw:0.75
c32,even,smem_cooperative_static,speedup_vs_noncooperative,9,0.8819587023918986,F64,1048576,8,concentrated:0.25
c32,even,smem_cooperative_static,speedup_vs_noncooperative,10,0.8835913628391887,F64,1048576,256,concentrated:0.75
c32,even,smem_dynamic,speedup_vs_main,1,0.8232533582572845,F64,67108864,128,temporal_phases:0.10
c32,even,smem_dynamic,speedup_vs_main,2,0.8235792866533346,F64,67108864,256,temporal_phases:0.10
c32,even,smem_dynamic,speedup_vs_main,3,0.8250235340500587,F64,67108864,64,temporal_phases:0.10
c32,even,smem_dynamic,speedup_vs_main,4,0.8258691165955051,F64,1073741824,128,temporal_phases:0.10
c32,even,smem_dynamic,speedup_vs_main,5,0.8259938950346527,F64,2000000000,256,temporal_phases:0.10
c32,even,smem_dynamic,speedup_vs_main,6,0.8260516752978119,F64,1073741824,256,temporal_phases:0.10
c32,even,smem_dynamic,speedup_vs_main,7,0.8260671161190283,F64,2000000000,128,temporal_phases:0.10
c32,even,smem_dynamic,speedup_vs_main,8,0.8276375090183532,F64,268435456,256,temporal_phases:0.10
c32,even,smem_dynamic,speedup_vs_main,9,0.82764130379292,F64,2000000000,64,temporal_phases:0.10
c32,even,smem_dynamic,speedup_vs_main,10,0.8277398121406976,F64,268435456,128,temporal_phases:0.10
c32,even,smem_cooperative_dynamic,speedup_vs_main,1,0.8205186852884766,F64,67108864,256,temporal_phases:0.10
c32,even,smem_cooperative_dynamic,speedup_vs_main,2,0.8206022384871509,F64,67108864,128,temporal_phases:0.10
c32,even,smem_cooperative_dynamic,speedup_vs_main,3,0.8212725087924333,F64,67108864,64,temporal_phases:0.10
c32,even,smem_cooperative_dynamic,speedup_vs_main,4,0.8230597195454872,F64,67108864,32,temporal_phases:0.10
c32,even,smem_cooperative_dynamic,speedup_vs_main,5,0.8235652688260902,F64,67108864,16,temporal_phases:0.10
c32,even,smem_cooperative_dynamic,speedup_vs_main,6,0.8258940224007398,F64,1073741824,128,temporal_phases:0.10
c32,even,smem_cooperative_dynamic,speedup_vs_main,7,0.8259737082884816,F64,2000000000,128,temporal_phases:0.10
c32,even,smem_cooperative_dynamic,speedup_vs_main,8,0.8260180562235281,F64,1073741824,256,temporal_phases:0.10
c32,even,smem_cooperative_dynamic,speedup_vs_main,9,0.8260405989176688,F64,2000000000,256,temporal_phases:0.10
c32,even,smem_cooperative_dynamic,speedup_vs_main,10,0.8268876528803759,F64,67108864,8,temporal_phases:0.10
c32,even,smem_cooperative_dynamic,speedup_vs_noncooperative,1,0.8765298382460778,F64,1048576,8,poison
c32,even,smem_cooperative_dynamic,speedup_vs_noncooperative,2,0.8767000278292041,F64,1048576,512,stale_resident:0.25
c32,even,smem_cooperative_dynamic,speedup_vs_noncooperative,3,0.877510288941607,F64,1048576,16,poison
c32,even,smem_cooperative_dynamic,speedup_vs_noncooperative,4,0.8799981752994365,F64,1048576,512,poison
c32,even,smem_cooperative_dynamic,speedup_vs_noncooperative,5,0.8861835850279366,F64,1048576,256,poison
c32,even,smem_cooperative_dynamic,speedup_vs_noncooperative,6,0.8865542291094562,F64,1048576,8,stale_resident:0.25
c32,even,smem_cooperative_dynamic,speedup_vs_noncooperative,7,0.8908076158069607,F64,1048576,256,powerlaw:0.75
c32,even,smem_cooperative_dynamic,speedup_vs_noncooperative,8,0.8928386393743829,F64,1048576,64,poison
c32,even,smem_cooperative_dynamic,speedup_vs_noncooperative,9,0.899107180456469,F64,1048576,16,stale_resident:0.25
c32,even,smem_cooperative_dynamic,speedup_vs_noncooperative,10,0.902542910218298,F64,1048576,32,poison
c32,range,smem_static,speedup_vs_main,1,0.797226577742229,I32,1073741824,8,temporal_phases:0.10
c32,range,smem_static,speedup_vs_main,2,0.7976469429904349,I32,2000000000,8,temporal_phases:0.10
c32,range,smem_static,speedup_vs_main,3,0.7987205849535732,I32,268435456,8,temporal_phases:0.10
c32,range,smem_static,speedup_vs_main,4,0.802229106573831,I32,67108864,8,temporal_phases:0.10
c32,range,smem_static,speedup_vs_main,5,0.8027158993652956,I32,16777216,8,temporal_phases:0.10
c32,range,smem_static,speedup_vs_main,6,0.8471108695365095,F64,2000000000,8,temporal_phases:0.10
c32,range,smem_static,speedup_vs_main,7,0.8476939427614845,F64,1073741824,8,temporal_phases:0.10
c32,range,smem_static,speedup_vs_main,8,0.8502175956958378,F64,67108864,8,temporal_phases:0.10
c32,range,smem_static,speedup_vs_main,9,0.8514413944524636,I32,16777216,16,temporal_phases:0.10
c32,range,smem_static,speedup_vs_main,10,0.8520169008809347,F64,268435456,8,temporal_phases:0.10
c32,range,smem_cooperative_static,speedup_vs_main,1,0.7527975427512872,I32,16777216,8,temporal_phases:0.10
c32,range,smem_cooperative_static,speedup_vs_main,2,0.7892833088682852,I32,16777216,16,temporal_phases:0.10
c32,range,smem_cooperative_static,speedup_vs_main,3,0.798065230232014,I32,1073741824,8,temporal_phases:0.10
c32,range,smem_cooperative_static,speedup_vs_main,4,0.798269989571914,I32,2000000000,8,temporal_phases:0.10
c32,range,smem_cooperative_static,speedup_vs_main,5,0.7989834671552314,I32,268435456,8,temporal_phases:0.10
c32,range,smem_cooperative_static,speedup_vs_main,6,0.8016495861999456,I32,67108864,8,temporal_phases:0.10
c32,range,smem_cooperative_static,speedup_vs_main,7,0.8507857211663223,F64,67108864,8,temporal_phases:0.10
c32,range,smem_cooperative_static,speedup_vs_main,8,0.8527917729668913,I32,16777216,32,temporal_phases:0.10
c32,range,smem_cooperative_static,speedup_vs_main,9,0.8535455455123917,F64,2000000000,8,temporal_phases:0.10
c32,range,smem_cooperative_static,speedup_vs_main,10,0.8544424897548917,F64,1073741824,8,temporal_phases:0.10
c32,range,smem_cooperative_static,speedup_vs_noncooperative,1,0.9196799141112872,I32,16777216,8,concentrated:1.0
c32,range,smem_cooperative_static,speedup_vs_noncooperative,2,0.9196822840284649,I32,16777216,16,poison
c32,range,smem_cooperative_static,speedup_vs_noncooperative,3,0.920020224145157,I32,16777216,8,powerlaw:0.75
c32,range,smem_cooperative_static,speedup_vs_noncooperative,4,0.9200508688981472,I32,16777216,16,concentrated:1.0
c32,range,smem_cooperative_static,speedup_vs_noncooperative,5,0.9214641935739948,I32,16777216,32,strided_sweep
c32,range,smem_cooperative_static,speedup_vs_noncooperative,6,0.9217689435343731,I32,16777216,32,sawtooth
c32,range,smem_cooperative_static,speedup_vs_noncooperative,7,0.9221505752066268,I32,16777216,32,stale_resident:0.25
c32,range,smem_cooperative_static,speedup_vs_noncooperative,8,0.9232331375063075,I32,16777216,32,sawtooth:8192:2654435761:1
c32,range,smem_cooperative_static,speedup_vs_noncooperative,9,0.9235628763223105,I32,16777216,32,stale_resident:0.5
c32,range,smem_cooperative_static,speedup_vs_noncooperative,10,0.9238194839770766,I32,16777216,16,concentrated:0.25
c32,range,smem_dynamic,speedup_vs_main,1,0.6656572377021035,I32,1073741824,8,temporal_phases:0.10
c32,range,smem_dynamic,speedup_vs_main,2,0.6658387737167644,I32,2000000000,8,temporal_phases:0.10
c32,range,smem_dynamic,speedup_vs_main,3,0.667060976990541,I32,67108864,8,temporal_phases:0.10
c32,range,smem_dynamic,speedup_vs_main,4,0.6676366592953485,I32,268435456,8,temporal_phases:0.10
c32,range,smem_dynamic,speedup_vs_main,5,0.6874715141643333,I32,16777216,8,temporal_phases:0.10
c32,range,smem_dynamic,speedup_vs_main,6,0.7377703715589276,I32,67108864,16,temporal_phases:0.10
c32,range,smem_dynamic,speedup_vs_main,7,0.7428827528280865,I32,268435456,16,temporal_phases:0.10
c32,range,smem_dynamic,speedup_vs_main,8,0.7431085233784884,I32,1073741824,16,temporal_phases:0.10
c32,range,smem_dynamic,speedup_vs_main,9,0.7435053243044818,I32,2000000000,16,temporal_phases:0.10
c32,range,smem_dynamic,speedup_vs_main,10,0.7454363284744883,I32,16777216,16,temporal_phases:0.10
c32,range,smem_cooperative_dynamic,speedup_vs_main,1,0.6352406168765585,I32,16777216,8,temporal_phases:0.10
c32,range,smem_cooperative_dynamic,speedup_vs_main,2,0.6655870392075647,I32,1073741824,8,temporal_phases:0.10
c32,range,smem_cooperative_dynamic,speedup_vs_main,3,0.6656861625211942,I32,2000000000,8,temporal_phases:0.10
c32,range,smem_cooperative_dynamic,speedup_vs_main,4,0.667215492936047,I32,67108864,8,temporal_phases:0.10
c32,range,smem_cooperative_dynamic,speedup_vs_main,5,0.6673084422648458,I32,268435456,8,temporal_phases:0.10
c32,range,smem_cooperative_dynamic,speedup_vs_main,6,0.6902487851867838,I32,16777216,16,temporal_phases:0.10
c32,range,smem_cooperative_dynamic,speedup_vs_main,7,0.7387999776543287,I32,67108864,16,temporal_phases:0.10
c32,range,smem_cooperative_dynamic,speedup_vs_main,8,0.7425133022405912,I32,268435456,16,temporal_phases:0.10
c32,range,smem_cooperative_dynamic,speedup_vs_main,9,0.743074171125731,I32,1073741824,16,temporal_phases:0.10
c32,range,smem_cooperative_dynamic,speedup_vs_main,10,0.7432437124461817,I32,2000000000,16,temporal_phases:0.10
c32,range,smem_cooperative_dynamic,speedup_vs_noncooperative,1,0.9157763045487538,I32,16777216,8,concentrated:1.0
c32,range,smem_cooperative_dynamic,speedup_vs_noncooperative,2,0.91737316365733,I32,1048576,8,concentrated:1.0
c32,range,smem_cooperative_dynamic,speedup_vs_noncooperative,3,0.9175990270190677,I32,16777216,16,concentrated:1.0
c32,range,smem_cooperative_dynamic,speedup_vs_noncooperative,4,0.9203825190740538,I32,16777216,32,powerlaw:0.25
c32,range,smem_cooperative_dynamic,speedup_vs_noncooperative,5,0.9207327280154818,I32,16777216,64,powerlaw:0.25
c32,range,smem_cooperative_dynamic,speedup_vs_noncooperative,6,0.9207575704684998,I32,16777216,32,strided_sweep
c32,range,smem_cooperative_dynamic,speedup_vs_noncooperative,7,0.9216637224100007,I32,16777216,512,concentrated:1.0
c32,range,smem_cooperative_dynamic,speedup_vs_noncooperative,8,0.9217713998848848,I32,16777216,32,concentrated:1.0
c32,range,smem_cooperative_dynamic,speedup_vs_noncooperative,9,0.9219642355684693,I32,16777216,16,powerlaw:0.25
c32,range,smem_cooperative_dynamic,speedup_vs_noncooperative,10,0.9220969965335303,I32,16777216,32,sawtooth
c32,multi_even,smem_static,speedup_vs_main,1,1.00662590156019,F64,1048576,32,strided_sweep
c32,multi_even,smem_static,speedup_vs_main,2,1.0104720397583087,F64,1048576,32,concentrated:1.0
c32,multi_even,smem_static,speedup_vs_main,3,1.01453394209367,F64,1048576,16,concentrated:1.0
c32,multi_even,smem_static,speedup_vs_main,4,1.0156179200941355,F64,1048576,32,sawtooth
c32,multi_even,smem_static,speedup_vs_main,5,1.0213945003670006,F64,1048576,32,sawtooth:8192:2654435761:1
c32,multi_even,smem_static,speedup_vs_main,6,1.0231390602657815,F64,1048576,16,stale_resident:0.5
c32,multi_even,smem_static,speedup_vs_main,7,1.0290132519533193,F64,1048576,32,stale_resident:0.5
c32,multi_even,smem_static,speedup_vs_main,8,1.0300986165751096,F64,1048576,8,concentrated:1.0
c32,multi_even,smem_static,speedup_vs_main,9,1.0310618041233832,F64,1048576,16,concentrated:0.75
c32,multi_even,smem_static,speedup_vs_main,10,1.031483229185122,F64,67108864,32,stale_resident:0.25
c32,multi_even,smem_cooperative_static,speedup_vs_main,1,0.9584969311249669,F64,1048576,32,concentrated:1.0
c32,multi_even,smem_cooperative_static,speedup_vs_main,2,0.965176188103772,F64,1048576,16,concentrated:1.0
c32,multi_even,smem_cooperative_static,speedup_vs_main,3,0.9709917603443046,F64,1048576,8,concentrated:1.0
c32,multi_even,smem_cooperative_static,speedup_vs_main,4,0.9977420827136646,F64,1048576,32,strided_sweep
c32,multi_even,smem_cooperative_static,speedup_vs_main,5,1.00296391323668,F64,1048576,32,sawtooth
c32,multi_even,smem_cooperative_static,speedup_vs_main,6,1.0052452505468428,F64,1048576,32,sawtooth:8192:2654435761:1
c32,multi_even,smem_cooperative_static,speedup_vs_main,7,1.009263841340992,F64,1048576,16,stale_resident:0.25
c32,multi_even,smem_cooperative_static,speedup_vs_main,8,1.0118902559426886,F64,1048576,16,stale_resident:0.5
c32,multi_even,smem_cooperative_static,speedup_vs_main,9,1.0123570990245259,F64,1048576,32,stale_resident:0.5
c32,multi_even,smem_cooperative_static,speedup_vs_main,10,1.0132199096916477,F64,1048576,8,stale_resident:0.25
c32,multi_even,smem_cooperative_static,speedup_vs_noncooperative,1,0.9151338212391429,I32,1048576,128,concentrated:1.0
c32,multi_even,smem_cooperative_static,speedup_vs_noncooperative,2,0.9179727360859528,I32,1048576,16,concentrated:1.0
c32,multi_even,smem_cooperative_static,speedup_vs_noncooperative,3,0.9192822887362093,I32,1048576,32,concentrated:1.0
c32,multi_even,smem_cooperative_static,speedup_vs_noncooperative,4,0.9193197644425737,I32,1048576,64,concentrated:1.0
c32,multi_even,smem_cooperative_static,speedup_vs_noncooperative,5,0.9207284463527293,I32,1048576,256,concentrated:1.0
c32,multi_even,smem_cooperative_static,speedup_vs_noncooperative,6,0.9213600707693921,I32,1048576,8,concentrated:1.0
c32,multi_even,smem_cooperative_static,speedup_vs_noncooperative,7,0.9241123531930825,I32,1048576,32,sawtooth
c32,multi_even,smem_cooperative_static,speedup_vs_noncooperative,8,0.9245756279417761,I32,1048576,8,powerlaw:0.75
c32,multi_even,smem_cooperative_static,speedup_vs_noncooperative,9,0.9259171450917332,I32,1048576,16,sawtooth
c32,multi_even,smem_cooperative_static,speedup_vs_noncooperative,10,0.928361175424495,I32,1048576,64,strided_sweep
c32,multi_even,smem_dynamic,speedup_vs_main,1,0.690258004531957,F64,268435456,8,poison
c32,multi_even,smem_dynamic,speedup_vs_main,2,0.6903125757890545,F64,268435456,16,poison
c32,multi_even,smem_dynamic,speedup_vs_main,3,0.6903191376010364,F64,268435456,128,concentrated:0.0
c32,multi_even,smem_dynamic,speedup_vs_main,4,0.6903307221848755,F64,268435456,64,poison
c32,multi_even,smem_dynamic,speedup_vs_main,5,0.6903547422174968,F64,268435456,64,concentrated:0.0
c32,multi_even,smem_dynamic,speedup_vs_main,6,0.6903555186435483,F64,268435456,16,concentrated:0.0
c32,multi_even,smem_dynamic,speedup_vs_main,7,0.6903572291833879,F64,268435456,32,concentrated:0.0
c32,multi_even,smem_dynamic,speedup_vs_main,8,0.6903680668984795,F64,268435456,128,poison
c32,multi_even,smem_dynamic,speedup_vs_main,9,0.6903886560781083,F64,268435456,8,concentrated:0.0
c32,multi_even,smem_dynamic,speedup_vs_main,10,0.6904709779912485,F64,268435456,32,poison
c32,multi_even,smem_cooperative_dynamic,speedup_vs_main,1,0.690142999570797,F64,268435456,8,poison
c32,multi_even,smem_cooperative_dynamic,speedup_vs_main,2,0.6901615848982654,F64,268435456,32,concentrated:0.0
c32,multi_even,smem_cooperative_dynamic,speedup_vs_main,3,0.6902113149644978,F64,268435456,16,poison
c32,multi_even,smem_cooperative_dynamic,speedup_vs_main,4,0.6902274195890536,F64,268435456,8,concentrated:0.0
c32,multi_even,smem_cooperative_dynamic,speedup_vs_main,5,0.6902343836165356,F64,268435456,64,poison
c32,multi_even,smem_cooperative_dynamic,speedup_vs_main,6,0.6902495262942105,F64,268435456,64,concentrated:0.0
c32,multi_even,smem_cooperative_dynamic,speedup_vs_main,7,0.6902884277051826,F64,268435456,128,poison
c32,multi_even,smem_cooperative_dynamic,speedup_vs_main,8,0.6903142223814231,F64,268435456,16,concentrated:0.0
c32,multi_even,smem_cooperative_dynamic,speedup_vs_main,9,0.6903545354316452,F64,268435456,128,concentrated:0.0
c32,multi_even,smem_cooperative_dynamic,speedup_vs_main,10,0.6904050773721727,F64,268435456,32,poison
c32,multi_even,smem_cooperative_dynamic,speedup_vs_noncooperative,1,0.9139029789240799,F64,1048576,64,powerlaw:0.75
c32,multi_even,smem_cooperative_dynamic,speedup_vs_noncooperative,2,0.9146120703407461,F64,1048576,128,concentrated:0.75
c32,multi_even,smem_cooperative_dynamic,speedup_vs_noncooperative,3,0.9181296286658767,F64,1048576,64,concentrated:0.75
c32,multi_even,smem_cooperative_dynamic,speedup_vs_noncooperative,4,0.923607937570622,I32,1048576,128,concentrated:1.0
c32,multi_even,smem_cooperative_dynamic,speedup_vs_noncooperative,5,0.9252153866528182,I32,1048576,64,concentrated:1.0
c32,multi_even,smem_cooperative_dynamic,speedup_vs_noncooperative,6,0.9265551105792403,I32,1048576,32,concentrated:1.0
c32,multi_even,smem_cooperative_dynamic,speedup_vs_noncooperative,7,0.9293389066350872,I32,1048576,128,concentrated:0.75
c32,multi_even,smem_cooperative_dynamic,speedup_vs_noncooperative,8,0.932997920198446,F64,1048576,32,powerlaw:0.75
c32,multi_even,smem_cooperative_dynamic,speedup_vs_noncooperative,9,0.9335319720611499,F64,1048576,128,concentrated:0.25
c32,multi_even,smem_cooperative_dynamic,speedup_vs_noncooperative,10,0.9340594054671947,F64,1048576,16,concentrated:0.75
c32,multi_range,smem_static,speedup_vs_main,1,0.7815448522021947,I32,268435456,8,temporal_phases:0.10
c32,multi_range,smem_static,speedup_vs_main,2,0.7900169980058402,I32,67108864,8,temporal_phases:0.10
c32,multi_range,smem_static,speedup_vs_main,3,0.8116292303323843,I32,16777216,8,temporal_phases:0.10
c32,multi_range,smem_static,speedup_vs_main,4,0.8461432928403683,I32,268435456,16,temporal_phases:0.10
c32,multi_range,smem_static,speedup_vs_main,5,0.8520916716603787,I32,67108864,16,temporal_phases:0.10
c32,multi_range,smem_static,speedup_vs_main,6,0.8679856596497338,I32,16777216,16,temporal_phases:0.10
c32,multi_range,smem_static,speedup_vs_main,7,0.9110328378336552,F64,16777216,32,sawtooth:8192:2654435761:1
c32,multi_range,smem_static,speedup_vs_main,8,0.9118436917291071,F64,16777216,32,sawtooth
c32,multi_range,smem_static,speedup_vs_main,9,0.9122595016040701,F64,16777216,32,strided_sweep
c32,multi_range,smem_static,speedup_vs_main,10,0.9138315815131648,I32,268435456,32,temporal_phases:0.10
c32,multi_range,smem_cooperative_static,speedup_vs_main,1,0.7769620839592771,I32,1048576,8,temporal_phases:0.10
c32,multi_range,smem_cooperative_static,speedup_vs_main,2,0.7802259076166306,I32,268435456,8,temporal_phases:0.10
c32,multi_range,smem_cooperative_static,speedup_vs_main,3,0.7886761020034916,I32,67108864,8,temporal_phases:0.10
c32,multi_range,smem_cooperative_static,speedup_vs_main,4,0.79273470249154,I32,1048576,64,temporal_phases:0.10
c32,multi_range,smem_cooperative_static,speedup_vs_main,5,0.7928141230731359,I32,1048576,16,temporal_phases:0.10
c32,multi_range,smem_cooperative_static,speedup_vs_main,6,0.799194831474902,F64,1048576,16,sawtooth:8192:2654435761:1
c32,multi_range,smem_cooperative_static,speedup_vs_main,7,0.7998539496076355,I32,1048576,32,temporal_phases:0.10
c32,multi_range,smem_cooperative_static,speedup_vs_main,8,0.8006968262611658,F64,1048576,16,sawtooth
c32,multi_range,smem_cooperative_static,speedup_vs_main,9,0.802312217065498,F64,1048576,32,sawtooth:8192:2654435761:1
c32,multi_range,smem_cooperative_static,speedup_vs_main,10,0.8043183745426994,F64,1048576,32,sawtooth
c32,multi_range,smem_cooperative_static,speedup_vs_noncooperative,1,0.7733026235782477,I32,1048576,32,concentrated:0.0
c32,multi_range,smem_cooperative_static,speedup_vs_noncooperative,2,0.7753954681408296,I32,1048576,8,concentrated:0.5
c32,multi_range,smem_cooperative_static,speedup_vs_noncooperative,3,0.7788589483945806,I32,1048576,64,powerlaw:0.75
c32,multi_range,smem_cooperative_static,speedup_vs_noncooperative,4,0.7791131605768682,I32,1048576,16,concentrated:0.0
c32,multi_range,smem_cooperative_static,speedup_vs_noncooperative,5,0.7796845160352192,I32,1048576,8,concentrated:0.25
c32,multi_range,smem_cooperative_static,speedup_vs_noncooperative,6,0.7806401019680278,I32,1048576,64,concentrated:1.0
c32,multi_range,smem_cooperative_static,speedup_vs_noncooperative,7,0.782216560326179,I32,1048576,64,concentrated:0.0
c32,multi_range,smem_cooperative_static,speedup_vs_noncooperative,8,0.78254742873686,I32,1048576,128,concentrated:0.0
c32,multi_range,smem_cooperative_static,speedup_vs_noncooperative,9,0.7831119106285418,I32,1048576,128,hash_synonym
c32,multi_range,smem_cooperative_static,speedup_vs_noncooperative,10,0.7834512612814835,I32,1048576,64,hash_synonym
c32,multi_range,smem_dynamic,speedup_vs_main,1,0.6706364327525738,I32,1048576,8,temporal_phases:0.10
c32,multi_range,smem_dynamic,speedup_vs_main,2,0.6973701861695001,I32,1048576,16,temporal_phases:0.10
c32,multi_range,smem_dynamic,speedup_vs_main,3,0.7264141933607844,I32,1048576,8,hash_synonym
c32,multi_range,smem_dynamic,speedup_vs_main,4,0.7285500559634778,I32,1048576,8,concentrated:0.75
c32,multi_range,smem_dynamic,speedup_vs_main,5,0.7297847199471377,I32,1048576,8,concentrated:0.0
c32,multi_range,smem_dynamic,speedup_vs_main,6,0.7315360144179646,I32,268435456,8,temporal_phases:0.10
c32,multi_range,smem_dynamic,speedup_vs_main,7,0.7346689580630682,I32,1048576,8,poison
c32,multi_range,smem_dynamic,speedup_vs_main,8,0.7363916598978569,I32,16777216,8,temporal_phases:0.10
c32,multi_range,smem_dynamic,speedup_vs_main,9,0.7377852702283489,I32,1048576,32,temporal_phases:0.10
c32,multi_range,smem_dynamic,speedup_vs_main,10,0.7378790004548414,I32,1048576,8,concentrated:0.5
c32,multi_range,smem_cooperative_dynamic,speedup_vs_main,1,0.6797863643168991,I32,1048576,8,temporal_phases:0.10
c32,multi_range,smem_cooperative_dynamic,speedup_vs_main,2,0.7009277148342974,I32,1048576,16,temporal_phases:0.10
c32,multi_range,smem_cooperative_dynamic,speedup_vs_main,3,0.710713306203295,I32,16777216,8,temporal_phases:0.10
c32,multi_range,smem_cooperative_dynamic,speedup_vs_main,4,0.7306174862562383,I32,268435456,8,temporal_phases:0.10
c32,multi_range,smem_cooperative_dynamic,speedup_vs_main,5,0.7370425435811787,I32,67108864,8,temporal_phases:0.10
c32,multi_range,smem_cooperative_dynamic,speedup_vs_main,6,0.7385547618640051,I32,1048576,8,concentrated:0.0
c32,multi_range,smem_cooperative_dynamic,speedup_vs_main,7,0.7404086760218698,I32,1048576,8,hash_synonym
c32,multi_range,smem_cooperative_dynamic,speedup_vs_main,8,0.7412499026989782,I32,1048576,8,poison
c32,multi_range,smem_cooperative_dynamic,speedup_vs_main,9,0.7454624542044855,I32,1048576,32,temporal_phases:0.10
c32,multi_range,smem_cooperative_dynamic,speedup_vs_main,10,0.7466245436757484,I32,1048576,8,concentrated:0.5
c32,multi_range,smem_cooperative_dynamic,speedup_vs_noncooperative,1,0.9368986802814175,I32,1048576,512,powerlaw:0.25
c32,multi_range,smem_cooperative_dynamic,speedup_vs_noncooperative,2,0.9392336914980369,I32,1048576,512,concentrated:0.25
c32,multi_range,smem_cooperative_dynamic,speedup_vs_noncooperative,3,0.9454916595246738,I32,1048576,512,concentrated:0.5
c32,multi_range,smem_cooperative_dynamic,speedup_vs_noncooperative,4,0.9473959809110799,I32,1048576,512,concentrated:0.0
c32,multi_range,smem_cooperative_dynamic,speedup_vs_noncooperative,5,0.9483131520690741,I32,1048576,512,sawtooth
c32,multi_range,smem_cooperative_dynamic,speedup_vs_noncooperative,6,0.9495918488395962,I32,16777216,512,stale_resident:0.25
c32,multi_range,smem_cooperative_dynamic,speedup_vs_noncooperative,7,0.9496733776871883,I32,16777216,512,stale_resident:0.5
c32,multi_range,smem_cooperative_dynamic,speedup_vs_noncooperative,8,0.9502634979741631,I32,16777216,512,powerlaw:0.75
c32,multi_range,smem_cooperative_dynamic,speedup_vs_noncooperative,9,0.9513787861748807,I32,16777216,512,sawtooth:8192:2654435761:1
c32,multi_range,smem_cooperative_dynamic,speedup_vs_noncooperative,10,0.9517603408657174,I32,16777216,512,concentrated:1.0
u64,even,smem_static,speedup_vs_main,1,0.913160226971728,F64,67108864,256,temporal_phases:0.10
u64,even,smem_static,speedup_vs_main,2,0.9141766632399511,F64,67108864,128,temporal_phases:0.10
u64,even,smem_static,speedup_vs_main,3,0.9158652469660391,F64,67108864,64,temporal_phases:0.10
u64,even,smem_static,speedup_vs_main,4,0.9193978205676859,F64,67108864,32,temporal_phases:0.10
u64,even,smem_static,speedup_vs_main,5,0.9212354456109777,F64,67108864,16,temporal_phases:0.10
u64,even,smem_static,speedup_vs_main,6,0.922697893676042,F64,2000000000,256,temporal_phases:0.10
u64,even,smem_static,speedup_vs_main,7,0.9227638408538666,F64,268435456,256,temporal_phases:0.10
u64,even,smem_static,speedup_vs_main,8,0.9227777264141772,F64,1073741824,256,temporal_phases:0.10
u64,even,smem_static,speedup_vs_main,9,0.9237409139916576,F64,67108864,8,temporal_phases:0.10
u64,even,smem_static,speedup_vs_main,10,0.9237574228765103,F64,2000000000,128,temporal_phases:0.10
u64,even,smem_cooperative_static,speedup_vs_main,1,0.9070637510038931,F64,67108864,256,temporal_phases:0.10
u64,even,smem_cooperative_static,speedup_vs_main,2,0.9072509220219466,F64,67108864,128,temporal_phases:0.10
u64,even,smem_cooperative_static,speedup_vs_main,3,0.9085843690004832,F64,67108864,64,temporal_phases:0.10
u64,even,smem_cooperative_static,speedup_vs_main,4,0.9094855214611632,F64,16777216,256,temporal_phases:0.10
u64,even,smem_cooperative_static,speedup_vs_main,5,0.9115330598796821,F64,16777216,128,temporal_phases:0.10
u64,even,smem_cooperative_static,speedup_vs_main,6,0.9135308124853893,F64,67108864,32,temporal_phases:0.10
u64,even,smem_cooperative_static,speedup_vs_main,7,0.9144598580436225,F64,16777216,64,temporal_phases:0.10
u64,even,smem_cooperative_static,speedup_vs_main,8,0.9163509907538304,F64,67108864,16,temporal_phases:0.10
u64,even,smem_cooperative_static,speedup_vs_main,9,0.9165083757460081,F64,1048576,256,temporal_phases:0.10
u64,even,smem_cooperative_static,speedup_vs_main,10,0.9165792092507414,F64,16777216,32,temporal_phases:0.10
u64,even,smem_cooperative_static,speedup_vs_noncooperative,1,0.8579387112474491,F64,1048576,32,powerlaw:0.75
u64,even,smem_cooperative_static,speedup_vs_noncooperative,2,0.8625331108263952,F64,1048576,16,concentrated:0.75
u64,even,smem_cooperative_static,speedup_vs_noncooperative,3,0.8659832956435979,F64,1048576,16,powerlaw:0.75
u64,even,smem_cooperative_static,speedup_vs_noncooperative,4,0.8660902061798785,F64,1048576,8,concentrated:0.75
u64,even,smem_cooperative_static,speedup_vs_noncooperative,5,0.8671356298205521,F64,1048576,8,powerlaw:0.75
u64,even,smem_cooperative_static,speedup_vs_noncooperative,6,0.8721443289285041,F64,1048576,64,concentrated:0.25
u64,even,smem_cooperative_static,speedup_vs_noncooperative,7,0.8734120169112551,F64,1048576,128,concentrated:0.75
u64,even,smem_cooperative_static,speedup_vs_noncooperative,8,0.8739975620951175,F64,1048576,128,powerlaw:0.75
u64,even,smem_cooperative_static,speedup_vs_noncooperative,9,0.8744787406260067,F64,1048576,64,powerlaw:0.75
u64,even,smem_cooperative_static,speedup_vs_noncooperative,10,0.8816254180088305,F64,1048576,32,powerlaw:0.25
u64,even,smem_dynamic,speedup_vs_main,1,0.8234244621862044,F64,67108864,128,temporal_phases:0.10
u64,even,smem_dynamic,speedup_vs_main,2,0.8240419122448321,F64,67108864,256,temporal_phases:0.10
u64,even,smem_dynamic,speedup_vs_main,3,0.8249169105847501,F64,67108864,64,temporal_phases:0.10
u64,even,smem_dynamic,speedup_vs_main,4,0.8258992936112985,F64,2000000000,128,temporal_phases:0.10
u64,even,smem_dynamic,speedup_vs_main,5,0.8259330012834838,F64,1073741824,128,temporal_phases:0.10
u64,even,smem_dynamic,speedup_vs_main,6,0.8259742509128829,F64,2000000000,256,temporal_phases:0.10
u64,even,smem_dynamic,speedup_vs_main,7,0.8261947745870988,F64,1073741824,256,temporal_phases:0.10
u64,even,smem_dynamic,speedup_vs_main,8,0.8275724760604994,F64,268435456,256,temporal_phases:0.10
u64,even,smem_dynamic,speedup_vs_main,9,0.8278074017516145,F64,1073741824,64,temporal_phases:0.10
u64,even,smem_dynamic,speedup_vs_main,10,0.8278341741094872,F64,2000000000,64,temporal_phases:0.10
u64,even,smem_cooperative_dynamic,speedup_vs_main,1,0.8200866697665834,F64,67108864,128,temporal_phases:0.10
u64,even,smem_cooperative_dynamic,speedup_vs_main,2,0.820779638617574,F64,67108864,256,temporal_phases:0.10
u64,even,smem_cooperative_dynamic,speedup_vs_main,3,0.8208435239977301,F64,67108864,64,temporal_phases:0.10
u64,even,smem_cooperative_dynamic,speedup_vs_main,4,0.8227426765079147,F64,67108864,32,temporal_phases:0.10
u64,even,smem_cooperative_dynamic,speedup_vs_main,5,0.823418693188615,F64,67108864,16,temporal_phases:0.10
u64,even,smem_cooperative_dynamic,speedup_vs_main,6,0.8256929089078741,F64,2000000000,128,temporal_phases:0.10
u64,even,smem_cooperative_dynamic,speedup_vs_main,7,0.8258136769126128,F64,1073741824,256,temporal_phases:0.10
u64,even,smem_cooperative_dynamic,speedup_vs_main,8,0.8258222015353818,F64,1073741824,128,temporal_phases:0.10
u64,even,smem_cooperative_dynamic,speedup_vs_main,9,0.8258587188754395,F64,2000000000,256,temporal_phases:0.10
u64,even,smem_cooperative_dynamic,speedup_vs_main,10,0.8261696065660501,F64,67108864,8,temporal_phases:0.10
u64,even,smem_cooperative_dynamic,speedup_vs_noncooperative,1,0.8829335977445074,F64,1048576,256,powerlaw:0.75
u64,even,smem_cooperative_dynamic,speedup_vs_noncooperative,2,0.8834374341285604,F64,1048576,16,poison
u64,even,smem_cooperative_dynamic,speedup_vs_noncooperative,3,0.8845907515314276,F64,1048576,512,poison
u64,even,smem_cooperative_dynamic,speedup_vs_noncooperative,4,0.8852256491375677,F64,1048576,512,stale_resident:0.25
u64,even,smem_cooperative_dynamic,speedup_vs_noncooperative,5,0.8858830641664748,F64,1048576,8,poison
u64,even,smem_cooperative_dynamic,speedup_vs_noncooperative,6,0.8868392896532383,F64,1048576,32,poison
u64,even,smem_cooperative_dynamic,speedup_vs_noncooperative,7,0.8871168290951309,F64,1048576,256,poison
u64,even,smem_cooperative_dynamic,speedup_vs_noncooperative,8,0.8897280179286167,F64,1048576,16,stale_resident:0.25
u64,even,smem_cooperative_dynamic,speedup_vs_noncooperative,9,0.8934658913825736,F64,1048576,8,stale_resident:0.25
u64,even,smem_cooperative_dynamic,speedup_vs_noncooperative,10,0.9017313419714543,F64,1048576,128,poison
u64,range,smem_static,speedup_vs_main,1,0.7948240934781522,I32,268435456,8,temporal_phases:0.10
u64,range,smem_static,speedup_vs_main,2,0.7967341980929238,I32,16777216,8,temporal_phases:0.10
u64,range,smem_static,speedup_vs_main,3,0.7983397410559813,I32,67108864,8,temporal_phases:0.10
u64,range,smem_static,speedup_vs_main,4,0.8035653580657005,I32,1073741824,8,temporal_phases:0.10
u64,range,smem_static,speedup_vs_main,5,0.8037912054902862,I32,2000000000,8,temporal_phases:0.10
u64,range,smem_static,speedup_vs_main,6,0.8429768638909436,F64,2000000000,8,temporal_phases:0.10
u64,range,smem_static,speedup_vs_main,7,0.8437865325771563,F64,1073741824,8,temporal_phases:0.10
u64,range,smem_static,speedup_vs_main,8,0.8467703924531869,I32,16777216,16,temporal_phases:0.10
u64,range,smem_static,speedup_vs_main,9,0.8479302832050093,F64,268435456,8,temporal_phases:0.10
u64,range,smem_static,speedup_vs_main,10,0.8573335870850938,F64,67108864,8,temporal_phases:0.10
u64,range,smem_cooperative_static,speedup_vs_main,1,0.7531291988641637,I32,16777216,8,temporal_phases:0.10
u64,range,smem_cooperative_static,speedup_vs_main,2,0.7942868736990399,I32,16777216,16,temporal_phases:0.10
u64,range,smem_cooperative_static,speedup_vs_main,3,0.8015672522583951,I32,268435456,8,temporal_phases:0.10
u64,range,smem_cooperative_static,speedup_vs_main,4,0.8032813176289679,I32,1073741824,8,temporal_phases:0.10
u64,range,smem_cooperative_static,speedup_vs_main,5,0.8033323928906333,I32,2000000000,8,temporal_phases:0.10
u64,range,smem_cooperative_static,speedup_vs_main,6,0.80517535019396,I32,67108864,8,temporal_phases:0.10
u64,range,smem_cooperative_static,speedup_vs_main,7,0.8491032322222198,F64,67108864,8,temporal_phases:0.10
u64,range,smem_cooperative_static,speedup_vs_main,8,0.850727057660966,F64,2000000000,8,temporal_phases:0.10
u64,range,smem_cooperative_static,speedup_vs_main,9,0.8520986354503173,F64,1073741824,8,temporal_phases:0.10
u64,range,smem_cooperative_static,speedup_vs_main,10,0.8537496909153636,I32,16777216,32,temporal_phases:0.10
u64,range,smem_cooperative_static,speedup_vs_noncooperative,1,0.9225306821423648,I32,16777216,8,powerlaw:0.75
u64,range,smem_cooperative_static,speedup_vs_noncooperative,2,0.9241942005315845,I32,16777216,8,concentrated:0.5
u64,range,smem_cooperative_static,speedup_vs_noncooperative,3,0.9252421636772734,I32,16777216,8,concentrated:0.75
u64,range,smem_cooperative_static,speedup_vs_noncooperative,4,0.9257736282944034,I32,16777216,32,strided_sweep
u64,range,smem_cooperative_static,speedup_vs_noncooperative,5,0.928443985598755,I32,16777216,32,sawtooth
u64,range,smem_cooperative_static,speedup_vs_noncooperative,6,0.9297066566549986,F64,1048576,16,concentrated:1.0
u64,range,smem_cooperative_static,speedup_vs_noncooperative,7,0.9297985672690391,I32,16777216,64,sawtooth
u64,range,smem_cooperative_static,speedup_vs_noncooperative,8,0.9298152472867481,I32,16777216,32,concentrated:1.0
u64,range,smem_cooperative_static,speedup_vs_noncooperative,9,0.9299985605387365,I32,16777216,64,strided_sweep
u64,range,smem_cooperative_static,speedup_vs_noncooperative,10,0.930849012012581,I32,16777216,64,powerlaw:0.25
u64,range,smem_dynamic,speedup_vs_main,1,0.6611922439673544,I32,2000000000,8,temporal_phases:0.10
u64,range,smem_dynamic,speedup_vs_main,2,0.6612846658620402,I32,1073741824,8,temporal_phases:0.10
u64,range,smem_dynamic,speedup_vs_main,3,0.6665800806058492,I32,268435456,8,temporal_phases:0.10
u64,range,smem_dynamic,speedup_vs_main,4,0.6681715379026688,I32,67108864,8,temporal_phases:0.10
u64,range,smem_dynamic,speedup_vs_main,5,0.680747168059908,I32,16777216,8,temporal_phases:0.10
u64,range,smem_dynamic,speedup_vs_main,6,0.7384168053328931,I32,1073741824,16,temporal_phases:0.10
u64,range,smem_dynamic,speedup_vs_main,7,0.7385104495797116,I32,2000000000,16,temporal_phases:0.10
u64,range,smem_dynamic,speedup_vs_main,8,0.738666121858152,I32,67108864,16,temporal_phases:0.10
u64,range,smem_dynamic,speedup_vs_main,9,0.7420264606708789,I32,268435456,16,temporal_phases:0.10
u64,range,smem_dynamic,speedup_vs_main,10,0.7425770892677054,I32,16777216,16,temporal_phases:0.10
u64,range,smem_cooperative_dynamic,speedup_vs_main,1,0.6294205197159225,I32,16777216,8,temporal_phases:0.10
u64,range,smem_cooperative_dynamic,speedup_vs_main,2,0.6610055792795596,I32,2000000000,8,temporal_phases:0.10
u64,range,smem_cooperative_dynamic,speedup_vs_main,3,0.6610353383043054,I32,1073741824,8,temporal_phases:0.10
u64,range,smem_cooperative_dynamic,speedup_vs_main,4,0.6662950718773988,I32,268435456,8,temporal_phases:0.10
u64,range,smem_cooperative_dynamic,speedup_vs_main,5,0.6678728537416297,I32,67108864,8,temporal_phases:0.10
u64,range,smem_cooperative_dynamic,speedup_vs_main,6,0.6832440879775736,I32,16777216,16,temporal_phases:0.10
u64,range,smem_cooperative_dynamic,speedup_vs_main,7,0.7382567694025658,I32,1073741824,16,temporal_phases:0.10
u64,range,smem_cooperative_dynamic,speedup_vs_main,8,0.7383400922862587,I32,2000000000,16,temporal_phases:0.10
u64,range,smem_cooperative_dynamic,speedup_vs_main,9,0.7391931374676571,I32,67108864,16,temporal_phases:0.10
u64,range,smem_cooperative_dynamic,speedup_vs_main,10,0.7414412884220407,I32,268435456,16,temporal_phases:0.10
u64,range,smem_cooperative_dynamic,speedup_vs_noncooperative,1,0.916716642273608,I32,16777216,16,concentrated:1.0
u64,range,smem_cooperative_dynamic,speedup_vs_noncooperative,2,0.9169751832883827,I32,16777216,8,concentrated:1.0
u64,range,smem_cooperative_dynamic,speedup_vs_noncooperative,3,0.9184635676649614,I32,16777216,64,powerlaw:0.25
u64,range,smem_cooperative_dynamic,speedup_vs_noncooperative,4,0.9190059697358479,I32,16777216,16,stale_resident:0.25
u64,range,smem_cooperative_dynamic,speedup_vs_noncooperative,5,0.9190140168929974,I32,16777216,32,strided_sweep
u64,range,smem_cooperative_dynamic,speedup_vs_noncooperative,6,0.9192743038631608,I32,1048576,512,poison
u64,range,smem_cooperative_dynamic,speedup_vs_noncooperative,7,0.9200985296373159,I32,16777216,16,temporal_phases:0.10
u64,range,smem_cooperative_dynamic,speedup_vs_noncooperative,8,0.9201653623307526,I32,16777216,256,concentrated:1.0
u64,range,smem_cooperative_dynamic,speedup_vs_noncooperative,9,0.9202288819011163,I32,16777216,32,concentrated:0.75
u64,range,smem_cooperative_dynamic,speedup_vs_noncooperative,10,0.9202815792620208,I32,16777216,64,sawtooth
u64,multi_even,smem_static,speedup_vs_main,1,1.008484093944271,F64,1048576,32,concentrated:1.0
u64,multi_even,smem_static,speedup_vs_main,2,1.0145124015370308,F64,1048576,32,sawtooth
u64,multi_even,smem_static,speedup_vs_main,3,1.0216049883633647,F64,1048576,32,sawtooth:8192:2654435761:1
u64,multi_even,smem_static,speedup_vs_main,4,1.022736207477503,F64,1048576,16,concentrated:1.0
u64,multi_even,smem_static,speedup_vs_main,5,1.0244217601465917,F64,1048576,8,concentrated:1.0
u64,multi_even,smem_static,speedup_vs_main,6,1.0264430122067836,F64,1048576,32,stale_resident:0.5
u64,multi_even,smem_static,speedup_vs_main,7,1.0267115737184012,F64,1048576,8,stale_resident:0.5
u64,multi_even,smem_static,speedup_vs_main,8,1.0307096040131967,F64,67108864,32,concentrated:1.0
u64,multi_even,smem_static,speedup_vs_main,9,1.0311202508362332,F64,67108864,32,stale_resident:0.25
u64,multi_even,smem_static,speedup_vs_main,10,1.0311919056562033,F64,1048576,16,stale_resident:0.5
u64,multi_even,smem_cooperative_static,speedup_vs_main,1,0.9568546067818025,F64,1048576,16,concentrated:1.0
u64,multi_even,smem_cooperative_static,speedup_vs_main,2,0.959220372582944,F64,1048576,32,concentrated:1.0
u64,multi_even,smem_cooperative_static,speedup_vs_main,3,0.964748094143429,F64,1048576,8,concentrated:1.0
u64,multi_even,smem_cooperative_static,speedup_vs_main,4,1.0028710508628984,F64,1048576,8,stale_resident:0.25
u64,multi_even,smem_cooperative_static,speedup_vs_main,5,1.0038042909602638,F64,1048576,32,sawtooth
u64,multi_even,smem_cooperative_static,speedup_vs_main,6,1.0048851746168728,F64,1048576,16,stale_resident:0.25
u64,multi_even,smem_cooperative_static,speedup_vs_main,7,1.0051286230665488,F64,1048576,32,sawtooth:8192:2654435761:1
u64,multi_even,smem_cooperative_static,speedup_vs_main,8,1.007236364343923,F64,1048576,16,stale_resident:0.5
u64,multi_even,smem_cooperative_static,speedup_vs_main,9,1.007442819580199,F64,1048576,16,concentrated:0.75
u64,multi_even,smem_cooperative_static,speedup_vs_main,10,1.0086511098871564,F64,1048576,32,stale_resident:0.25
u64,multi_even,smem_cooperative_static,speedup_vs_noncooperative,1,0.9078903698319595,I32,1048576,8,powerlaw:0.75
u64,multi_even,smem_cooperative_static,speedup_vs_noncooperative,2,0.9142825018408399,I32,1048576,64,concentrated:1.0
u64,multi_even,smem_cooperative_static,speedup_vs_noncooperative,3,0.9151744389645566,I32,1048576,32,concentrated:1.0
u64,multi_even,smem_cooperative_static,speedup_vs_noncooperative,4,0.9184941271440591,I32,1048576,16,concentrated:1.0
u64,multi_even,smem_cooperative_static,speedup_vs_noncooperative,5,0.9194304387037011,I32,1048576,8,powerlaw:0.25
u64,multi_even,smem_cooperative_static,speedup_vs_noncooperative,6,0.9212344564949645,I32,1048576,8,concentrated:1.0
u64,multi_even,smem_cooperative_static,speedup_vs_noncooperative,7,0.9219179802286562,I32,1048576,32,sawtooth
u64,multi_even,smem_cooperative_static,speedup_vs_noncooperative,8,0.9242376226612303,I32,1048576,128,concentrated:1.0
u64,multi_even,smem_cooperative_static,speedup_vs_noncooperative,9,0.9245794882800096,I32,1048576,64,sawtooth
u64,multi_even,smem_cooperative_static,speedup_vs_noncooperative,10,0.9265429697790912,I32,1048576,32,sawtooth:8192:2654435761:1
u64,multi_even,smem_dynamic,speedup_vs_main,1,0.6896611640379663,F64,1073741824,64,concentrated:0.0
u64,multi_even,smem_dynamic,speedup_vs_main,2,0.6896653317979933,F64,1073741824,8,poison
u64,multi_even,smem_dynamic,speedup_vs_main,3,0.6896657042461788,F64,1073741824,128,poison
u64,multi_even,smem_dynamic,speedup_vs_main,4,0.6896760674950105,F64,1073741824,32,poison
u64,multi_even,smem_dynamic,speedup_vs_main,5,0.6897046347011685,F64,1073741824,128,concentrated:0.0
u64,multi_even,smem_dynamic,speedup_vs_main,6,0.689733191971959,F64,1073741824,16,concentrated:0.0
u64,multi_even,smem_dynamic,speedup_vs_main,7,0.6897404704487725,F64,1073741824,64,poison
u64,multi_even,smem_dynamic,speedup_vs_main,8,0.6897506738415619,F64,1073741824,32,concentrated:0.0
u64,multi_even,smem_dynamic,speedup_vs_main,9,0.6897574976748031,F64,2000000000,8,poison
u64,multi_even,smem_dynamic,speedup_vs_main,10,0.6897740303450176,F64,1073741824,16,poison
u64,multi_even,smem_cooperative_dynamic,speedup_vs_main,1,0.689626399885444,F64,1073741824,32,concentrated:0.0
u64,multi_even,smem_cooperative_dynamic,speedup_vs_main,2,0.6896532792544348,F64,1073741824,128,concentrated:0.0
u64,multi_even,smem_cooperative_dynamic,speedup_vs_main,3,0.6896618698120869,F64,1073741824,128,poison
u64,multi_even,smem_cooperative_dynamic,speedup_vs_main,4,0.6896970891641834,F64,1073741824,64,poison
u64,multi_even,smem_cooperative_dynamic,speedup_vs_main,5,0.689705747196535,F64,1073741824,64,concentrated:0.0
u64,multi_even,smem_cooperative_dynamic,speedup_vs_main,6,0.6897243623539158,F64,1073741824,8,poison
u64,multi_even,smem_cooperative_dynamic,speedup_vs_main,7,0.6897334347240632,F64,1073741824,8,concentrated:0.0
u64,multi_even,smem_cooperative_dynamic,speedup_vs_main,8,0.6897414710298032,F64,1073741824,16,concentrated:0.0
u64,multi_even,smem_cooperative_dynamic,speedup_vs_main,9,0.6897421430937147,F64,1073741824,16,poison
u64,multi_even,smem_cooperative_dynamic,speedup_vs_main,10,0.6897525215835829,F64,1073741824,32,poison
u64,multi_even,smem_cooperative_dynamic,speedup_vs_noncooperative,1,0.9111334494699561,F64,1048576,64,powerlaw:0.75
u64,multi_even,smem_cooperative_dynamic,speedup_vs_noncooperative,2,0.9175798469374827,F64,1048576,64,concentrated:0.75
u64,multi_even,smem_cooperative_dynamic,speedup_vs_noncooperative,3,0.9283870857946281,I32,1048576,64,concentrated:1.0
u64,multi_even,smem_cooperative_dynamic,speedup_vs_noncooperative,4,0.9291331008103455,F64,1048576,128,concentrated:0.75
u64,multi_even,smem_cooperative_dynamic,speedup_vs_noncooperative,5,0.9295511397650695,I32,1048576,128,concentrated:0.75
u64,multi_even,smem_cooperative_dynamic,speedup_vs_noncooperative,6,0.9300602397418666,I32,1048576,64,concentrated:0.75
u64,multi_even,smem_cooperative_dynamic,speedup_vs_noncooperative,7,0.9314336575980069,I32,1048576,64,powerlaw:0.75
u64,multi_even,smem_cooperative_dynamic,speedup_vs_noncooperative,8,0.9323160333114082,F64,1048576,512,powerlaw:0.75
u64,multi_even,smem_cooperative_dynamic,speedup_vs_noncooperative,9,0.9332181258879685,F64,1048576,32,powerlaw:0.75
u64,multi_even,smem_cooperative_dynamic,speedup_vs_noncooperative,10,0.9348969931248646,F64,1048576,32,concentrated:0.5
u64,multi_range,smem_static,speedup_vs_main,1,0.7781378705422547,I32,2000000000,8,temporal_phases:0.10
u64,multi_range,smem_static,speedup_vs_main,2,0.7784848667794884,I32,1073741824,8,temporal_phases:0.10
u64,multi_range,smem_static,speedup_vs_main,3,0.7792569926231117,I32,268435456,8,temporal_phases:0.10
u64,multi_range,smem_static,speedup_vs_main,4,0.7922936150693111,I32,67108864,8,temporal_phases:0.10
u64,multi_range,smem_static,speedup_vs_main,5,0.8136128123218981,I32,16777216,8,temporal_phases:0.10
u64,multi_range,smem_static,speedup_vs_main,6,0.8419482490279632,I32,2000000000,16,temporal_phases:0.10
u64,multi_range,smem_static,speedup_vs_main,7,0.8422778596098963,I32,1073741824,16,temporal_phases:0.10
u64,multi_range,smem_static,speedup_vs_main,8,0.8428826415888598,I32,268435456,16,temporal_phases:0.10
u64,multi_range,smem_static,speedup_vs_main,9,0.855978038046098,I32,67108864,16,temporal_phases:0.10
u64,multi_range,smem_static,speedup_vs_main,10,0.8713552745163579,I32,16777216,16,temporal_phases:0.10
u64,multi_range,smem_cooperative_static,speedup_vs_main,1,0.7769388962876841,I32,1048576,8,temporal_phases:0.10
u64,multi_range,smem_cooperative_static,speedup_vs_main,2,0.7827303667887594,I32,2000000000,8,temporal_phases:0.10
u64,multi_range,smem_cooperative_static,speedup_vs_main,3,0.7829249682356596,I32,1073741824,8,temporal_phases:0.10
u64,multi_range,smem_cooperative_static,speedup_vs_main,4,0.7839376575766869,I32,268435456,8,temporal_phases:0.10
u64,multi_range,smem_cooperative_static,speedup_vs_main,5,0.7889385871664416,I32,67108864,8,temporal_phases:0.10
u64,multi_range,smem_cooperative_static,speedup_vs_main,6,0.7928023806555425,I32,1048576,16,temporal_phases:0.10
u64,multi_range,smem_cooperative_static,speedup_vs_main,7,0.7943139198283659,I32,1048576,64,temporal_phases:0.10
u64,multi_range,smem_cooperative_static,speedup_vs_main,8,0.8000107505449093,F64,1048576,16,sawtooth:8192:2654435761:1
u64,multi_range,smem_cooperative_static,speedup_vs_main,9,0.8007852453930646,I32,1048576,32,temporal_phases:0.10
u64,multi_range,smem_cooperative_static,speedup_vs_main,10,0.801606219460757,F64,1048576,16,sawtooth
u64,multi_range,smem_cooperative_static,speedup_vs_noncooperative,1,0.7735596744559916,I32,1048576,64,powerlaw:0.75
u64,multi_range,smem_cooperative_static,speedup_vs_noncooperative,2,0.775428995763899,I32,1048576,32,concentrated:0.0
u64,multi_range,smem_cooperative_static,speedup_vs_noncooperative,3,0.7770499195323901,I32,1048576,64,concentrated:1.0
u64,multi_range,smem_cooperative_static,speedup_vs_noncooperative,4,0.7804734563228126,I32,1048576,8,concentrated:0.5
u64,multi_range,smem_cooperative_static,speedup_vs_noncooperative,5,0.7805005196175643,I32,1048576,128,concentrated:0.0
u64,multi_range,smem_cooperative_static,speedup_vs_noncooperative,6,0.7808916336214754,I32,1048576,64,hash_synonym
u64,multi_range,smem_cooperative_static,speedup_vs_noncooperative,7,0.781294095185192,I32,1048576,16,concentrated:0.0
u64,multi_range,smem_cooperative_static,speedup_vs_noncooperative,8,0.7815018669951531,I32,1048576,8,concentrated:0.25
u64,multi_range,smem_cooperative_static,speedup_vs_noncooperative,9,0.7817762971092324,I32,1048576,64,concentrated:0.0
u64,multi_range,smem_cooperative_static,speedup_vs_noncooperative,10,0.7829266968000282,I32,1048576,256,hash_synonym
u64,multi_range,smem_dynamic,speedup_vs_main,1,0.6796284120891398,I32,1048576,8,temporal_phases:0.10
u64,multi_range,smem_dynamic,speedup_vs_main,2,0.7076910453692594,I32,1048576,16,temporal_phases:0.10
u64,multi_range,smem_dynamic,speedup_vs_main,3,0.724149539351838,I32,1048576,8,hash_synonym
u64,multi_range,smem_dynamic,speedup_vs_main,4,0.7278904336999257,I32,2000000000,8,temporal_phases:0.10
u64,multi_range,smem_dynamic,speedup_vs_main,5,0.7282536957744903,I32,1073741824,8,temporal_phases:0.10
u64,multi_range,smem_dynamic,speedup_vs_main,6,0.7306736325742431,I32,268435456,8,temporal_phases:0.10
u64,multi_range,smem_dynamic,speedup_vs_main,7,0.7371859236464487,I32,16777216,8,temporal_phases:0.10
u64,multi_range,smem_dynamic,speedup_vs_main,8,0.7400939798628249,I32,67108864,8,temporal_phases:0.10
u64,multi_range,smem_dynamic,speedup_vs_main,9,0.7460029582178034,I32,1048576,8,concentrated:0.75
u64,multi_range,smem_dynamic,speedup_vs_main,10,0.7470262178598456,I32,1048576,8,concentrated:0.0
u64,multi_range,smem_cooperative_dynamic,speedup_vs_main,1,0.6791266899907917,I32,1048576,8,temporal_phases:0.10
u64,multi_range,smem_cooperative_dynamic,speedup_vs_main,2,0.7001354370125791,I32,1048576,16,temporal_phases:0.10
u64,multi_range,smem_cooperative_dynamic,speedup_vs_main,3,0.7109045972361098,I32,16777216,8,temporal_phases:0.10
u64,multi_range,smem_cooperative_dynamic,speedup_vs_main,4,0.7275215902038507,I32,2000000000,8,temporal_phases:0.10
u64,multi_range,smem_cooperative_dynamic,speedup_vs_main,5,0.7275467041051522,I32,1048576,8,hash_synonym
u64,multi_range,smem_cooperative_dynamic,speedup_vs_main,6,0.7277428096132058,I32,1073741824,8,temporal_phases:0.10
u64,multi_range,smem_cooperative_dynamic,speedup_vs_main,7,0.7299364019723102,I32,268435456,8,temporal_phases:0.10
u64,multi_range,smem_cooperative_dynamic,speedup_vs_main,8,0.7368859631719479,I32,67108864,8,temporal_phases:0.10
u64,multi_range,smem_cooperative_dynamic,speedup_vs_main,9,0.7384305713636548,I32,1048576,8,concentrated:0.0
u64,multi_range,smem_cooperative_dynamic,speedup_vs_main,10,0.7438637206052958,I32,1048576,8,poison
u64,multi_range,smem_cooperative_dynamic,speedup_vs_noncooperative,1,0.9422970804205348,I32,1048576,512,concentrated:1.0
u64,multi_range,smem_cooperative_dynamic,speedup_vs_noncooperative,2,0.9510316459565866,I32,1048576,512,concentrated:0.25
u64,multi_range,smem_cooperative_dynamic,speedup_vs_noncooperative,3,0.9527838720942815,I32,1048576,512,concentrated:0.5
u64,multi_range,smem_cooperative_dynamic,speedup_vs_noncooperative,4,0.9529736326503383,I32,1048576,512,concentrated:0.75
u64,multi_range,smem_cooperative_dynamic,speedup_vs_noncooperative,5,0.9535138966382464,I32,1048576,512,stale_resident:0.5
u64,multi_range,smem_cooperative_dynamic,speedup_vs_noncooperative,6,0.9536506803822954,F64,1048576,16,concentrated:0.25
u64,multi_range,smem_cooperative_dynamic,speedup_vs_noncooperative,7,0.953946507162792,I32,16777216,512,concentrated:0.75
u64,multi_range,smem_cooperative_dynamic,speedup_vs_noncooperative,8,0.9544681267860339,F64,1048576,8,concentrated:0.25
u64,multi_range,smem_cooperative_dynamic,speedup_vs_noncooperative,9,0.9546621295009055,I32,16777216,512,powerlaw:0.75
u64,multi_range,smem_cooperative_dynamic,speedup_vs_noncooperative,10,0.9549032985094155,I32,1048576,512,strided_sweep
